[
{"colname":"spid", "solrname":"spid", "solrtype":"int"},
{"colname":"accessRights", "solrname":"termsOfUse", "solrtype":"string", "title":"Terms Of Use", "type":"text", "width":8192, "concept":"accessRights", "concepturl":"http://rs.tdwg.org/dwc/terms/", "sptable":"institution", "sptabletitle":"Institution", "spfld":"termsOfUse", "spfldtitle":"Terms Of Use", "spdescription":"Terms Of Use", "colidx":0, "linkify":"true", "advancedsearch":"true", "displaycolidx":0},
{"colname":"basisOfRecord", "solrname":"collectionType", "solrtype":"string", "title":"Collection Type", "type":"java.lang.String", "width":32, "concept":"basisOfRecord", "concepturl":"http://rs.tdwg.org/dwc/terms/", "sptable":"collection", "sptabletitle":"Collection", "spfld":"collectionType", "spfldtitle":"Collection Type", "spdescription":"Collection Type", "colidx":1, "linkify":"true", "advancedsearch":"true", "displaycolidx":1},
{"colname":"catalogNumber", "solrname":"catalogNumber", "solrtype":"pint", "title":"Catalog Number", "type":"java.lang.String", "width":32, "concept":"catalogNumber", "concepturl":"http://rs.tdwg.org/dwc/terms/", "sptable":"collectionobject", "sptabletitle":"Collection Object", "spfld":"catalogNumber", "spfldtitle":"Catalog Number", "spdescription":"Catalog Number", "colidx":2, "linkify":"false", "advancedsearch":"true", "displaycolidx":2},
{"colname":"class", "solrname":"Class", "solrtype":"string", "title":"Class", "type":"java.lang.String", "width":64, "concept":"class", "concepturl":"http://rs.tdwg.org/dwc/terms/", "sptable":"taxon", "sptabletitle":"Taxon", "spfld":"Class", "spfldtitle":"Class", "spdescription":"Class: Name", "treeid":"taxon", "treerank":60, "colidx":3, "linkify":"true", "advancedsearch":"true", "displaycolidx":3},
{"colname":"collectionCode", "solrname":"code", "solrtype":"string", "title":"Code", "type":"java.lang.String", "width":50, "concept":"collectionCode", "concepturl":"http://rs.tdwg.org/dwc/terms/", "sptable":"collection", "sptabletitle":"Collection", "spfld":"code", "spfldtitle":"Code", "spdescription":"Code", "colidx":4, "linkify":"true", "advancedsearch":"true", "displaycolidx":4},
{"colname":"continent", "solrname":"Continent", "solrtype":"string", "title":"Continent", "type":"java.lang.String", "width":128, "concept":"continent", "concepturl":"http://rs.tdwg.org/dwc/terms/", "sptable":"geography", "sptabletitle":"Geography", "spfld":"Continent", "spfldtitle":"Continent", "spdescription":"Continent: Name", "treeid":"geography", "treerank":100, "colidx":5, "linkify":"true", "advancedsearch":"true", "displaycolidx":5},
{"colname":"country", "solrname":"Country", "solrtype":"string", "title":"Country", "type":"java.lang.String", "width":128, "concept":"country", "concepturl":"http://rs.tdwg.org/dwc/terms/", "sptable":"geography", "sptabletitle":"Geography", "spfld":"Country", "spfldtitle":"Country", "spdescription":"Country: Name", "treeid":"geography", "treerank":200, "colidx":6, "linkify":"true", "advancedsearch":"true", "displaycolidx":6},
{"colname":"county", "solrname":"County", "solrtype":"string", "title":"County", "type":"java.lang.String", "width":128, "concept":"county", "concepturl":"http://rs.tdwg.org/dwc/terms/", "sptable":"geography", "sptabletitle":"Geography", "spfld":"County", "spfldtitle":"County", "spdescription":"County: Name", "treeid":"geography", "treerank":400, "colidx":7, "linkify":"true", "advancedsearch":"true", "displaycolidx":7},
{"colname":"datasetName", "solrname":"description", "solrtype":"string", "title":"Description", "type":"text", "width":2048, "concept":"datasetName", "concepturl":"http://rs.tdwg.org/dwc/terms/", "sptable":"collection", "sptabletitle":"Collection", "spfld":"description", "spfldtitle":"Description", "spdescription":"Description", "colidx":8, "linkify":"true", "advancedsearch":"true", "displaycolidx":8},
{"colname":"decimalLatitude", "solrname":"latitude1", "solrtype":"pdouble", "title":"Latitude1", "type":"java.math.BigDecimal", "width":-1, "concept":"decimalLatitude", "concepturl":"http://rs.tdwg.org/dwc/terms/", "sptable":"locality", "sptabletitle":"Locality", "spfld":"latitude1", "spfldtitle":"Latitude1", "spdescription":"Latitude1", "colidx":9, "linkify":"false", "advancedsearch":"true", "displaycolidx":9},
{"colname":"decimalLongitude", "solrname":"longitude1", "solrtype":"pdouble", "title":"Longitude1", "type":"java.math.BigDecimal", "width":-1, "concept":"decimalLongitude", "concepturl":"http://rs.tdwg.org/dwc/terms/", "sptable":"locality", "sptabletitle":"Locality", "spfld":"longitude1", "spfldtitle":"Longitude1", "spdescription":"Longitude1", "colidx":10, "linkify":"false", "advancedsearch":"true", "displaycolidx":10},
{"colname":"eventDate", "solrname":"startDate", "solrtype":"string", "title":"Start Date", "type":"java.util.Calendar", "width":-1, "concept":"eventDate", "concepturl":"http://rs.tdwg.org/dwc/terms/", "sptable":"collectingevent", "sptabletitle":"Collecting Information", "spfld":"startDate", "spfldtitle":"Start Date", "spdescription":"Start Date", "colidx":11, "linkify":"false", "advancedsearch":"true", "displaycolidx":11},
{"colname":"eventRemarks", "solrname":"remarks", "solrtype":"string", "title":"Locality and Habitat Notes", "type":"text", "width":4096, "concept":"eventRemarks", "concepturl":"http://rs.tdwg.org/dwc/terms/", "sptable":"collectingevent", "sptabletitle":"Collecting Information", "spfld":"remarks", "spfldtitle":"Locality and Habitat Notes", "spdescription":"Locality and Habitat Notes", "colidx":12, "linkify":"true", "advancedsearch":"true", "displaycolidx":12},
{"colname":"family", "solrname":"Family", "solrtype":"string", "title":"Family", "type":"java.lang.String", "width":64, "concept":"family", "concepturl":"http://rs.tdwg.org/dwc/terms/", "sptable":"taxon", "sptabletitle":"Taxon", "spfld":"Family", "spfldtitle":"Family", "spdescription":"Family: Name", "treeid":"taxon", "treerank":140, "colidx":13, "linkify":"true", "advancedsearch":"true", "displaycolidx":13},
{"colname":"genus", "solrname":"Genus", "solrtype":"string", "title":"Genus", "type":"java.lang.String", "width":64, "concept":"genus", "concepturl":"http://rs.tdwg.org/dwc/terms/", "sptable":"taxon", "sptabletitle":"Taxon", "spfld":"Genus", "spfldtitle":"Genus", "spdescription":"Genus: Name", "treeid":"taxon", "treerank":180, "colidx":14, "linkify":"true", "advancedsearch":"true", "displaycolidx":14},
{"colname":"geodeticDatum", "solrname":"datum", "solrtype":"string", "title":"Datum", "type":"java.lang.String", "width":50, "concept":"geodeticDatum", "concepturl":"http://rs.tdwg.org/dwc/terms/", "sptable":"locality", "sptabletitle":"Locality", "spfld":"datum", "spfldtitle":"Datum", "spdescription":"Datum", "colidx":15, "linkify":"true", "advancedsearch":"true", "displaycolidx":15},
{"colname":"georeferencedDate", "solrname":"geoRefDetDate", "solrtype":"string", "title":"Geo Ref Det Date", "type":"java.util.Calendar", "width":-1, "concept":"georeferencedDate", "concepturl":"http://rs.tdwg.org/dwc/terms/", "sptable":"geocoorddetail", "sptabletitle":"Geo Coord Detail", "spfld":"geoRefDetDate", "spfldtitle":"Geo Ref Det Date", "spdescription":"Geo Ref Det Date", "colidx":16, "linkify":"false", "advancedsearch":"true", "displaycolidx":16},
{"colname":"higherGeography", "solrname":"fullName", "solrtype":"string", "title":"Full Name", "type":"java.lang.String", "width":500, "concept":"higherGeography", "concepturl":"http://rs.tdwg.org/dwc/terms/", "sptable":"geography", "sptabletitle":"Geography", "spfld":"fullName", "spfldtitle":"Full Name", "spdescription":"Full Name", "colidx":17, "linkify":"true", "advancedsearch":"true", "displaycolidx":17},
{"colname":"infraspecificEpithet", "solrname":"Subspecies", "solrtype":"string", "title":"Subspecies", "type":"java.lang.String", "width":64, "concept":"infraspecificEpithet", "concepturl":"http://rs.tdwg.org/dwc/terms/", "sptable":"taxon", "sptabletitle":"Taxon", "spfld":"Subspecies", "spfldtitle":"Subspecies", "spdescription":"Subspecies: Name", "treeid":"taxon", "treerank":230, "colidx":18, "linkify":"true", "advancedsearch":"true", "displaycolidx":18},
{"colname":"institutionCode", "solrname":"inst_code", "solrtype":"string", "title":"Code", "type":"java.lang.String", "width":64, "concept":"institutionCode", "concepturl":"http://rs.tdwg.org/dwc/terms/", "sptable":"institution", "sptabletitle":"Institution", "spfld":"code", "spfldtitle":"Code", "spdescription":"Code", "colidx":19, "linkify":"true", "advancedsearch":"true", "displaycolidx":19},
{"colname":"institutionID", "solrname":"altName", "solrtype":"string", "title":"Alt Name", "type":"java.lang.String", "width":128, "concept":"institutionID", "concepturl":"http://rs.tdwg.org/dwc/terms/", "sptable":"institution", "sptabletitle":"Institution", "spfld":"altName", "spfldtitle":"Alt Name", "spdescription":"Alt Name", "colidx":20, "linkify":"true", "advancedsearch":"true", "displaycolidx":20},
{"colname":"kingdom", "solrname":"Kingdom", "solrtype":"string", "title":"Kingdom", "type":"java.lang.String", "width":64, "concept":"kingdom", "concepturl":"http://rs.tdwg.org/dwc/terms/", "sptable":"taxon", "sptabletitle":"Taxon", "spfld":"Kingdom", "spfldtitle":"Kingdom", "spdescription":"Kingdom: Name", "treeid":"taxon", "treerank":10, "colidx":21, "linkify":"true", "advancedsearch":"true", "displaycolidx":21},
{"colname":"license", "solrname":"copyright", "solrtype":"string", "title":"Copyright", "type":"text", "width":8192, "concept":"license", "concepturl":"http://rs.tdwg.org/dwc/terms/", "sptable":"institution", "sptabletitle":"Institution", "spfld":"copyright", "spfldtitle":"Copyright", "spdescription":"Copyright", "colidx":22, "linkify":"true", "advancedsearch":"true", "displaycolidx":22},
{"colname":"locality", "solrname":"localityName", "solrtype":"string", "title":"Locality Name", "type":"java.lang.String", "width":255, "concept":"locality", "concepturl":"http://rs.tdwg.org/dwc/terms/", "sptable":"locality", "sptabletitle":"Locality", "spfld":"localityName", "spfldtitle":"Locality Name", "spdescription":"Locality Name", "colidx":23, "linkify":"true", "advancedsearch":"true", "displaycolidx":23},
{"colname":"modified", "solrname":"timestampModified", "solrtype":"string", "title":"Modified Date", "type":"java.sql.Timestamp", "width":-1, "concept":"modified", "concepturl":"http://rs.tdwg.org/dwc/terms/", "sptable":"collectionobject", "sptabletitle":"Collection Object", "spfld":"timestampModified", "spfldtitle":"Modified Date", "spdescription":"Modified Date", "colidx":24, "linkify":"false", "advancedsearch":"true", "displaycolidx":24},
{"colname":"order", "solrname":"Order", "solrtype":"string", "title":"Order", "type":"java.lang.String", "width":64, "concept":"order", "concepturl":"http://rs.tdwg.org/dwc/terms/", "sptable":"taxon", "sptabletitle":"Taxon", "spfld":"Order", "spfldtitle":"Order", "spdescription":"Order: Name", "treeid":"taxon", "treerank":100, "colidx":25, "linkify":"true", "advancedsearch":"true", "displaycolidx":25},
{"colname":"otherCatalogNumbers", "solrname":"altCatalogNumber", "solrtype":"string", "title":"Alt Cat Number", "type":"java.lang.String", "width":64, "concept":"otherCatalogNumbers", "concepturl":"http://rs.tdwg.org/dwc/terms/", "sptable":"collectionobject", "sptabletitle":"Collection Object", "spfld":"altCatalogNumber", "spfldtitle":"Alt Cat Number", "spdescription":"Alt Cat Number", "colidx":26, "linkify":"true", "advancedsearch":"true", "displaycolidx":26},
{"colname":"phylum", "solrname":"Phylum", "solrtype":"string", "title":"Phylum", "type":"java.lang.String", "width":64, "concept":"phylum", "concepturl":"http://rs.tdwg.org/dwc/terms/", "sptable":"taxon", "sptabletitle":"Taxon", "spfld":"Phylum", "spfldtitle":"Phylum", "spdescription":"Phylum: Name", "treeid":"taxon", "treerank":30, "colidx":27, "linkify":"true", "advancedsearch":"true", "displaycolidx":27},
{"colname":"preparations", "solrname":"preparations", "solrtype":"string", "title":"preparations", "type":"java.lang.String", "width":500, "concept":"preparations", "concepturl":"http://rs.tdwg.org/dwc/terms/", "sptable":"preparation", "sptabletitle":"Preparation", "spfld":"preparations", "spfldtitle":"preparations", "colidx":28, "linkify":"true", "advancedsearch":"true", "displaycolidx":28},
{"colname":"recordedBy", "solrname":"collectors", "solrtype":"string", "title":"collectors", "type":"java.lang.String", "width":500, "concept":"recordedBy", "concepturl":"http://rs.tdwg.org/dwc/terms/", "sptable":"collector", "sptabletitle":"Collector", "spfld":"collectors", "spfldtitle":"collectors", "colidx":29, "linkify":"true", "advancedsearch":"true", "displaycolidx":29},
{"colname":"scientificName", "solrname":"tx_fullName", "solrtype":"string", "title":"Full Name", "type":"java.lang.String", "width":255, "concept":"scientificName", "concepturl":"http://rs.tdwg.org/dwc/terms/", "sptable":"taxon", "sptabletitle":"Taxon", "spfld":"fullName", "spfldtitle":"Full Name", "spdescription":"Full Name", "colidx":30, "linkify":"true", "advancedsearch":"true", "displaycolidx":30},
{"colname":"specificEpithet", "solrname":"Species", "solrtype":"string", "title":"Species", "type":"java.lang.String", "width":64, "concept":"specificEpithet", "concepturl":"http://rs.tdwg.org/dwc/terms/", "sptable":"taxon", "sptabletitle":"Taxon", "spfld":"Species", "spfldtitle":"Species", "spdescription":"Species: Name", "treeid":"taxon", "treerank":220, "colidx":31, "linkify":"true", "advancedsearch":"true", "displaycolidx":31},
{"colname":"stateProvince", "solrname":"State", "solrtype":"string", "title":"State", "type":"java.lang.String", "width":128, "concept":"stateProvince", "concepturl":"http://rs.tdwg.org/dwc/terms/", "sptable":"geography", "sptabletitle":"Geography", "spfld":"State", "spfldtitle":"State", "spdescription":"State: Name", "treeid":"geography", "treerank":300, "colidx":32, "linkify":"true", "advancedsearch":"true", "displaycolidx":32},
{"colname":"typeStatus", "solrname":"typeStatusName", "solrtype":"string", "title":"Type Status", "type":"java.lang.String", "width":50, "concept":"typeStatus", "concepturl":"http://rs.tdwg.org/dwc/terms/", "sptable":"determination", "sptabletitle":"Determination", "spfld":"typeStatusName", "spfldtitle":"Type Status", "spdescription":"Type Status", "colidx":33, "linkify":"true", "advancedsearch":"true", "displaycolidx":33},
{"colname":"img", "solrname":"img", "solrtype":"string", "title":"image"}
]
