spid,contents,img,geoc,termsOfUse,collectionType,catalogNumber,Class,code,Continent,Country,County,description,latitude1,longitude1,startDate,remarks,Family,Genus,datum,geoRefDetDate,fullName,Subspecies,inst_code,altName,Kingdom,copyright,localityName,timestampModified,Order,altCatalogNumber,Phylum,preparations,collectors,tx_fullName,Species,State,typeStatusName
11181caf-84e5-48d5-ac7c-1e694d9d8f90,"2109	WBentodata_2020-5-4_13:25	1	Neotropical	Panama	8.8000000	-82.4333333	1995-06-19	fogging fungusy log	Staphylinidae	Megalopinus	Panama, Chiriqui	m	WBentodata_2020-5-4_13:25	Boquete, 5.4 km NE	2020-05-04 13:14:26.0	WBentodata_2020-5-4_13:25	WBentodata_2020-5-4_13:25	Pinned - 1	Ashe & Brooks	Megalopinus pavo	pavo	Chiriqui	Paratype	",,8.8000000 -82.4333333 1,,,2109,WBentodata_2020-5-4_13:25,1,Neotropical,Panama,,,8.8000000,-82.4333333,1995-06-19,fogging fungusy log,Staphylinidae,Megalopinus,,,"Panama, Chiriqui",,m,,WBentodata_2020-5-4_13:25,,"Boquete, 5.4 km NE",2020-05-04 13:14:26.0,WBentodata_2020-5-4_13:25,,WBentodata_2020-5-4_13:25,Pinned - 1,Ashe & Brooks,Megalopinus pavo,pavo,Chiriqui,Paratype
327bfc39-2a3a-4dae-8d8e-edeba0dee9ba,"1074171	WBentodata_2020-5-4_13:25	1	Palearctic	Slovakia	Nove Zamky	1959-08-08	Halictidae	Ceylalictus	Slovakia, Nitra, Nove Zamky	m	WBentodata_2020-5-4_13:25	Sturovo	2020-05-04 13:14:26.0	WBentodata_2020-5-4_13:25	WBentodata_2020-5-4_13:25	Pinned	Padr, Zdenek	Ceylalictus variegatus	variegatus	Nitra	",,,,,1074171,WBentodata_2020-5-4_13:25,1,Palearctic,Slovakia,Nove Zamky,,,,1959-08-08,,Halictidae,Ceylalictus,,,"Slovakia, Nitra, Nove Zamky",,m,,WBentodata_2020-5-4_13:25,,Sturovo,2020-05-04 13:14:26.0,WBentodata_2020-5-4_13:25,,WBentodata_2020-5-4_13:25,Pinned,"Padr, Zdenek",Ceylalictus variegatus,variegatus,Nitra,
321e3a62-4b93-4bb0-bc7a-5505a1da5821,"279281	WBentodata_2020-5-4_13:25	1	Neotropical	Paraguay	-26.5233333	-55.8050000	2000-11-27	Silvanidae	Telephanus	Paraguay, Itapua	m	WBentodata_2020-5-4_13:25	San Rafael Reserve, San Pedro Mi	2020-05-04 13:14:27.0	WBentodata_2020-5-4_13:25	WBentodata_2020-5-4_13:25	Pinned - 1	Falin, Zachary	Telephanus	Itapua	",,-26.5233333 -55.8050000 1,,,279281,WBentodata_2020-5-4_13:25,1,Neotropical,Paraguay,,,-26.5233333,-55.8050000,2000-11-27,,Silvanidae,Telephanus,,,"Paraguay, Itapua",,m,,WBentodata_2020-5-4_13:25,,"San Rafael Reserve, San Pedro Mi",2020-05-04 13:14:27.0,WBentodata_2020-5-4_13:25,,WBentodata_2020-5-4_13:25,Pinned - 1,"Falin, Zachary",Telephanus,,Itapua,
a5277286-8e1e-4087-978b-f9b2e9b6b266,"915986	WBentodata_2020-5-4_13:25	1	Neotropical	Suriname	2.3629333	-56.6976833	2010-09-03	Dytiscidae	Copelatus	WGS84	Suriname	m	WBentodata_2020-5-4_13:25	Camp 3, Wehepai	2020-05-04 13:14:27.0	WBentodata_2020-5-4_13:25	WBentodata_2020-5-4_13:25	Pinned - 1	Short & Kadosoe	Copelatus sr_sp4	sr_sp4	",,2.3629333 -56.6976833 1,,,915986,WBentodata_2020-5-4_13:25,1,Neotropical,Suriname,,,2.3629333,-56.6976833,2010-09-03,,Dytiscidae,Copelatus,WGS84,,Suriname,,m,,WBentodata_2020-5-4_13:25,,"Camp 3, Wehepai",2020-05-04 13:14:27.0,WBentodata_2020-5-4_13:25,,WBentodata_2020-5-4_13:25,Pinned - 1,Short & Kadosoe,Copelatus sr_sp4,sr_sp4,,
52113ae4-5d7d-45aa-aa90-cf563c1bebee,"861438	WBentodata_2020-5-4_13:25	1	Neotropical	Venezuela	11.4487000	-69.2184833	2009-07-10	Hydrophilidae	Berosus	WGS84	Venezuela, Falcon	m	WBentodata_2020-5-4_13:25	SE of Tocopero	2020-05-04 13:14:27.0	WBentodata_2020-5-4_13:25	WBentodata_2020-5-4_13:25	Pinned - 1	Short, Sites, Gustafson, Camacho, Shepard	Berosus geayi	geayi	Falcon	",,11.4487000 -69.2184833 1,,,861438,WBentodata_2020-5-4_13:25,1,Neotropical,Venezuela,,,11.4487000,-69.2184833,2009-07-10,,Hydrophilidae,Berosus,WGS84,,"Venezuela, Falcon",,m,,WBentodata_2020-5-4_13:25,,SE of Tocopero,2020-05-04 13:14:27.0,WBentodata_2020-5-4_13:25,,WBentodata_2020-5-4_13:25,Pinned - 1,"Short, Sites, Gustafson, Camacho, Shepard",Berosus geayi,geayi,Falcon,
138e236e-d165-42fe-9d73-72ed39416589,"980723	WBentodata_2020-5-4_13:25	1	Nearctic	United States	Siskiyou	41.31	-122.3094	1935-06-29	Andrenidae	Andrena	United States, California, Siskiyou	m	WBentodata_2020-5-4_13:25	Shasta Mt	2020-05-04 13:14:27.0	WBentodata_2020-5-4_13:25	WBentodata_2020-5-4_13:25	Pinned - 1	Russell, Jean	Andrena medionitens	medionitens	California	",,41.31 -122.3094 1,,,980723,WBentodata_2020-5-4_13:25,1,Nearctic,United States,Siskiyou,,41.31,-122.3094,1935-06-29,,Andrenidae,Andrena,,,"United States, California, Siskiyou",,m,,WBentodata_2020-5-4_13:25,,Shasta Mt,2020-05-04 13:14:27.0,WBentodata_2020-5-4_13:25,,WBentodata_2020-5-4_13:25,Pinned - 1,"Russell, Jean",Andrena medionitens,medionitens,California,
2860a6dd-1358-42d4-b920-0f6b43dff2fe,"843791	WBentodata_2020-5-4_13:25	1	Neotropical	Venezuela	5.5103833	-67.6018167	2009-01-14	Hydrophilidae	Berosus	WGS84	Venezuela, Amazonas	m	WBentodata_2020-5-4_13:25	ca. 15 km S. Puerto Ayacuho, nr. Campamento Canturama	2020-05-04 13:14:28.0	WBentodata_2020-5-4_13:25	WBentodata_2020-5-4_13:25	Pinned - 1	Short, Andrew	Berosus humeralis	humeralis	Amazonas	Paratype	",,5.5103833 -67.6018167 1,,,843791,WBentodata_2020-5-4_13:25,1,Neotropical,Venezuela,,,5.5103833,-67.6018167,2009-01-14,,Hydrophilidae,Berosus,WGS84,,"Venezuela, Amazonas",,m,,WBentodata_2020-5-4_13:25,,"ca. 15 km S. Puerto Ayacuho, nr. Campamento Canturama",2020-05-04 13:14:28.0,WBentodata_2020-5-4_13:25,,WBentodata_2020-5-4_13:25,Pinned - 1,"Short, Andrew",Berosus humeralis,humeralis,Amazonas,Paratype
076eac27-11c9-41c7-ae9c-00a662c3e006,"796380	WBentodata_2020-5-4_13:25	1	Nearctic	United States	Comanche	37.2651667	-99.3903333	2006-05-18	Histeridae	Acritus	United States, Kansas, Comanche	m	WBentodata_2020-5-4_13:25	Coldwater, 3.75 km W on CR-155	2020-05-04 13:14:28.0	WBentodata_2020-5-4_13:25	WBentodata_2020-5-4_13:25	Pinned - 1	Salsbury, Glenn	Acritus depressus	depressus	Kansas	",,37.2651667 -99.3903333 1,,,796380,WBentodata_2020-5-4_13:25,1,Nearctic,United States,Comanche,,37.2651667,-99.3903333,2006-05-18,,Histeridae,Acritus,,,"United States, Kansas, Comanche",,m,,WBentodata_2020-5-4_13:25,,"Coldwater, 3.75 km W on CR-155",2020-05-04 13:14:28.0,WBentodata_2020-5-4_13:25,,WBentodata_2020-5-4_13:25,Pinned - 1,"Salsbury, Glenn",Acritus depressus,depressus,Kansas,
e1c53a41-0062-46e3-a6b7-54e0ed3b2521,"968991	WBentodata_2020-5-4_13:25	1	Palearctic	Great Britain	Kent	1991-05-21	Andrenidae	Andrena	Great Britain, England, Kent	m	WBentodata_2020-5-4_13:25	Doddington	2020-05-04 13:14:28.0	WBentodata_2020-5-4_13:25	WBentodata_2020-5-4_13:25	Pinned - 1	Baker, Donald	Andrena haemorrhoa	haemorrhoa	England	",,,,,968991,WBentodata_2020-5-4_13:25,1,Palearctic,Great Britain,Kent,,,,1991-05-21,,Andrenidae,Andrena,,,"Great Britain, England, Kent",,m,,WBentodata_2020-5-4_13:25,,Doddington,2020-05-04 13:14:28.0,WBentodata_2020-5-4_13:25,,WBentodata_2020-5-4_13:25,Pinned - 1,"Baker, Donald",Andrena haemorrhoa,haemorrhoa,England,
33227880-305c-4174-9317-14e751d0f92b,"653646	WBentodata_2020-5-4_13:25	1	Australian	New Zealand	(Northland-ND)	-35.6166667	173.5333333	1999-01-20	Lucanidae	Mitophyllus	New Zealand, North Islands, (Northland-ND)	m	WBentodata_2020-5-4_13:25	Waipoua State Forest, Yakas Tk.	2020-05-04 13:14:28.0	WBentodata_2020-5-4_13:25	WBentodata_2020-5-4_13:25	Pinned - 1	Leschen & Hall	Mitophyllus macrocerus	macrocerus	North Islands	",,-35.6166667 173.5333333 1,,,653646,WBentodata_2020-5-4_13:25,1,Australian,New Zealand,(Northland-ND),,-35.6166667,173.5333333,1999-01-20,,Lucanidae,Mitophyllus,,,"New Zealand, North Islands, (Northland-ND)",,m,,WBentodata_2020-5-4_13:25,,"Waipoua State Forest, Yakas Tk.",2020-05-04 13:14:28.0,WBentodata_2020-5-4_13:25,,WBentodata_2020-5-4_13:25,Pinned - 1,Leschen & Hall,Mitophyllus macrocerus,macrocerus,North Islands,
67a40a43-8132-484f-b9c0-8243898fcf01,"6212	WBentodata_2020-5-4_13:25	1	Neotropical	Panama	9.1166667	-79.7500000	1995-05-31	flight intercept trap	Staphylinidae	Zackfalinus	Panama, Colon	m	WBentodata_2020-5-4_13:25	Pipeline Rd, km 2.0, Parque Nac. Soberania	2020-05-04 13:14:28.0	WBentodata_2020-5-4_13:25	WBentodata_2020-5-4_13:25	Pinned - 1	Ashe & Brooks	Zackfalinus ziegleri	ziegleri	Colon	",,9.1166667 -79.7500000 1,,,6212,WBentodata_2020-5-4_13:25,1,Neotropical,Panama,,,9.1166667,-79.7500000,1995-05-31,flight intercept trap,Staphylinidae,Zackfalinus,,,"Panama, Colon",,m,,WBentodata_2020-5-4_13:25,,"Pipeline Rd, km 2.0, Parque Nac. Soberania",2020-05-04 13:14:28.0,WBentodata_2020-5-4_13:25,,WBentodata_2020-5-4_13:25,Pinned - 1,Ashe & Brooks,Zackfalinus ziegleri,ziegleri,Colon,
d8c3c0a5-9e70-4a99-98ff-a63e99d098f6,139846	WBentodata_2020-5-4_13:25	1	Staphylinidae	Trimicerus	m	WBentodata_2020-5-4_13:25	2020-05-04 13:14:29.0	WBentodata_2020-5-4_13:25	WBentodata_2020-5-4_13:25	Pinned - 1	 	Trimicerus	,,,,,139846,WBentodata_2020-5-4_13:25,1,,,,,,,,,Staphylinidae,Trimicerus,,,,,m,,WBentodata_2020-5-4_13:25,,,2020-05-04 13:14:29.0,WBentodata_2020-5-4_13:25,,WBentodata_2020-5-4_13:25,Pinned - 1,,Trimicerus,,,
6d48290c-ab89-418c-9cda-1649410e56f7,"1040856	WBentodata_2020-5-4_13:25	1	Neotropical	Argentina	Halictidae	Megommation	Argentina, Misiones	m	WBentodata_2020-5-4_13:25	Loreto	2020-05-04 13:14:29.0	WBentodata_2020-5-4_13:25	WBentodata_2020-5-4_13:25	Pinned - 1	Short	Megommation insigne	insigne	Misiones	",,,,,1040856,WBentodata_2020-5-4_13:25,1,Neotropical,Argentina,,,,,,,Halictidae,Megommation,,,"Argentina, Misiones",,m,,WBentodata_2020-5-4_13:25,,Loreto,2020-05-04 13:14:29.0,WBentodata_2020-5-4_13:25,,WBentodata_2020-5-4_13:25,Pinned - 1,Short,Megommation insigne,insigne,Misiones,
e8d6d8b6-5000-4553-905d-7164424eb787,"877174	WBentodata_2020-5-4_13:25	1	Neotropical	Venezuela	5.8069000	-67.4385500	2009-01-13	Hydroscaphidae	Yara	WGS84	Venezuela, Amazonas	m	WBentodata_2020-5-4_13:25	N. Puerto Ayacucho, nr. Iboruwa, ""Tobogancito""	2020-05-04 13:14:29.0	WBentodata_2020-5-4_13:25	WBentodata_2020-5-4_13:25	Pinned - 1	Short, Andrew	Yara maculata	maculata	Amazonas	Paratype	",,5.8069000 -67.4385500 1,,,877174,WBentodata_2020-5-4_13:25,1,Neotropical,Venezuela,,,5.8069000,-67.4385500,2009-01-13,,Hydroscaphidae,Yara,WGS84,,"Venezuela, Amazonas",,m,,WBentodata_2020-5-4_13:25,,"N. Puerto Ayacucho, nr. Iboruwa, ""Tobogancito""",2020-05-04 13:14:29.0,WBentodata_2020-5-4_13:25,,WBentodata_2020-5-4_13:25,Pinned - 1,"Short, Andrew",Yara maculata,maculata,Amazonas,Paratype
c972850f-bdb6-4301-a06a-21ce1c9a792a,"827936	WBentodata_2020-5-4_13:25	1	Neotropical	Venezuela	6.5936167	-66.8206333	2008-08-06	Hydrophilidae	Berosus	WGS84	Venezuela, Bolivar	m	WBentodata_2020-5-4_13:25	Los Pijiguaos: outcrop/morichal	2020-05-04 13:14:29.0	WBentodata_2020-5-4_13:25	WBentodata_2020-5-4_13:25	Pinned - 1	Short, Andrew	Berosus asymmetricus	asymmetricus	Bolivar	Paratype	",,6.5936167 -66.8206333 1,,,827936,WBentodata_2020-5-4_13:25,1,Neotropical,Venezuela,,,6.5936167,-66.8206333,2008-08-06,,Hydrophilidae,Berosus,WGS84,,"Venezuela, Bolivar",,m,,WBentodata_2020-5-4_13:25,,Los Pijiguaos: outcrop/morichal,2020-05-04 13:14:29.0,WBentodata_2020-5-4_13:25,,WBentodata_2020-5-4_13:25,Pinned - 1,"Short, Andrew",Berosus asymmetricus,asymmetricus,Bolivar,Paratype
ab2b0547-9107-4a87-9d29-ad35c03416d2,"808881	WBentodata_2020-5-4_13:25	1	Neotropical	Brazil	Linhares	-19.0638833	-39.9786167	2000-01-28	dung trap 1-4, day 4	Histeridae	Hister	Brazil, Espirito Santo, Linhares	m	WBentodata_2020-5-4_13:25	Fazienda Lagoa do Macuco	2020-05-04 13:14:29.0	WBentodata_2020-5-4_13:25	WBentodata_2020-5-4_13:25	Pinned - 1	Genier, F & Ide, S	Hister cavifrons	cavifrons	Espirito Santo	",,-19.0638833 -39.9786167 1,,,808881,WBentodata_2020-5-4_13:25,1,Neotropical,Brazil,Linhares,,-19.0638833,-39.9786167,2000-01-28,"dung trap 1-4, day 4",Histeridae,Hister,,,"Brazil, Espirito Santo, Linhares",,m,,WBentodata_2020-5-4_13:25,,Fazienda Lagoa do Macuco,2020-05-04 13:14:29.0,WBentodata_2020-5-4_13:25,,WBentodata_2020-5-4_13:25,Pinned - 1,"Genier, F & Ide, S",Hister cavifrons,cavifrons,Espirito Santo,
94ddb9d0-b8cc-443b-98dc-d847b2393ffd,385645	WBentodata_2020-5-4_13:25	1	Hydrophilidae	m	WBentodata_2020-5-4_13:25	2020-05-04 13:14:30.0	WBentodata_2020-5-4_13:25	WBentodata_2020-5-4_13:25	Pinned - 1	 	Hydrophilidae	,,,,,385645,WBentodata_2020-5-4_13:25,1,,,,,,,,,Hydrophilidae,,,,,,m,,WBentodata_2020-5-4_13:25,,,2020-05-04 13:14:30.0,WBentodata_2020-5-4_13:25,,WBentodata_2020-5-4_13:25,Pinned - 1,,Hydrophilidae,,,
effd53be-f9b7-4aba-be09-84b0486c1b25,"207838	WBentodata_2020-5-4_13:25	1	Neotropical	Costa Rica	9.7613889	-83.7847222	2000-07-18	fogging fungus covered log	Staphylinidae	Megalopinus	Costa Rica, Cartago	m	WBentodata_2020-5-4_13:25	Tapanti National Park	2020-05-04 13:14:30.0	WBentodata_2020-5-4_13:25	WBentodata_2020-5-4_13:25	Pinned - 1	Ashe, JS, Brooks, R & Falin, Z	Megalopinus ineptus	ineptus	Cartago	",,9.7613889 -83.7847222 1,,,207838,WBentodata_2020-5-4_13:25,1,Neotropical,Costa Rica,,,9.7613889,-83.7847222,2000-07-18,fogging fungus covered log,Staphylinidae,Megalopinus,,,"Costa Rica, Cartago",,m,,WBentodata_2020-5-4_13:25,,Tapanti National Park,2020-05-04 13:14:30.0,WBentodata_2020-5-4_13:25,,WBentodata_2020-5-4_13:25,Pinned - 1,"Ashe, JS, Brooks, R & Falin, Z",Megalopinus ineptus,ineptus,Cartago,
35d8d35b-2234-4775-aa01-666327919c2f,"463969	WBentodata_2020-5-4_13:25	1	Nearctic	United States	33.69111	-116.6706	1950-07-10	Megachilidae	Osmia	United States, California	m	WBentodata_2020-5-4_13:25	Tanbark Flats, San Gabriel Mts	2020-05-04 13:14:30.0	WBentodata_2020-5-4_13:25	WBentodata_2020-5-4_13:25	Pinned - 1	Michener, Charles	Osmia texana	texana	California	",,33.69111 -116.6706 1,,,463969,WBentodata_2020-5-4_13:25,1,Nearctic,United States,,,33.69111,-116.6706,1950-07-10,,Megachilidae,Osmia,,,"United States, California",,m,,WBentodata_2020-5-4_13:25,,"Tanbark Flats, San Gabriel Mts",2020-05-04 13:14:30.0,WBentodata_2020-5-4_13:25,,WBentodata_2020-5-4_13:25,Pinned - 1,"Michener, Charles",Osmia texana,texana,California,
b5d9b680-e2c9-43b3-9ef9-1175ec9133fd,913069	WBentodata_2020-5-4_13:25	1	Neotropical	Suriname	2.1828833	-56.7872500	2010-08-29	Hydrophilidae	Anacaena	WGS84	Suriname	m	WBentodata_2020-5-4_13:25	Camp 2 on Sipaliwini river	2020-05-04 13:14:30.0	WBentodata_2020-5-4_13:25	WBentodata_2020-5-4_13:25	Pinned - 1	Short & Kadosoe	Anacaena sr_sp1	sr_sp1	,,2.1828833 -56.7872500 1,,,913069,WBentodata_2020-5-4_13:25,1,Neotropical,Suriname,,,2.1828833,-56.7872500,2010-08-29,,Hydrophilidae,Anacaena,WGS84,,Suriname,,m,,WBentodata_2020-5-4_13:25,,Camp 2 on Sipaliwini river,2020-05-04 13:14:30.0,WBentodata_2020-5-4_13:25,,WBentodata_2020-5-4_13:25,Pinned - 1,Short & Kadosoe,Anacaena sr_sp1,sr_sp1,,
9300516b-8f7d-4580-b00d-b31661485109,"912098	WBentodata_2020-5-4_13:25	1	Neotropical	Suriname	2.3629333	-56.6976833	2010-09-03	Dytiscidae	Vatellus	WGS84	Suriname	m	WBentodata_2020-5-4_13:25	Camp 3, Wehepai	2020-05-04 13:14:30.0	WBentodata_2020-5-4_13:25	WBentodata_2020-5-4_13:25	Pinned - 1	Short & Kadosoe	Vatellus sr_sp1	sr_sp1	",,2.3629333 -56.6976833 1,,,912098,WBentodata_2020-5-4_13:25,1,Neotropical,Suriname,,,2.3629333,-56.6976833,2010-09-03,,Dytiscidae,Vatellus,WGS84,,Suriname,,m,,WBentodata_2020-5-4_13:25,,"Camp 3, Wehepai",2020-05-04 13:14:30.0,WBentodata_2020-5-4_13:25,,WBentodata_2020-5-4_13:25,Pinned - 1,Short & Kadosoe,Vatellus sr_sp1,sr_sp1,,
8fb78dd5-e19b-4d45-b848-d5bed40bca58,"830533	WBentodata_2020-5-4_13:25	1	Neotropical	Venezuela	6.5150000	-67.5434000	2006-01-08	Hydrophilidae	Berosus	WGS84	Venezuela, Apure	m	WBentodata_2020-5-4_13:25	Road between Rio Orinoco and Rio Cinaruco	2020-05-04 13:14:30.0	WBentodata_2020-5-4_13:25	WBentodata_2020-5-4_13:25	Pinned - 1	Short & Torres	Berosus brevibasis	brevibasis	Apure	",,6.5150000 -67.5434000 1,,,830533,WBentodata_2020-5-4_13:25,1,Neotropical,Venezuela,,,6.5150000,-67.5434000,2006-01-08,,Hydrophilidae,Berosus,WGS84,,"Venezuela, Apure",,m,,WBentodata_2020-5-4_13:25,,Road between Rio Orinoco and Rio Cinaruco,2020-05-04 13:14:30.0,WBentodata_2020-5-4_13:25,,WBentodata_2020-5-4_13:25,Pinned - 1,Short & Torres,Berosus brevibasis,brevibasis,Apure,
9a23278f-68d2-4881-8f60-60bb11fa439e,"980747	WBentodata_2020-5-4_13:25	1	Nearctic	Canada	49.8500	-112.7300	1982-06-14	Andrenidae	Andrena	Canada, Alberta	m	WBentodata_2020-5-4_13:25	Lethbridge, Picture Butte, 3 mi SE	2020-05-04 13:14:31.0	WBentodata_2020-5-4_13:25	WBentodata_2020-5-4_13:25	Pinned - 1	Michener, Charles	Andrena medionitens	medionitens	Alberta	",,49.8500 -112.7300 1,,,980747,WBentodata_2020-5-4_13:25,1,Nearctic,Canada,,,49.8500,-112.7300,1982-06-14,,Andrenidae,Andrena,,,"Canada, Alberta",,m,,WBentodata_2020-5-4_13:25,,"Lethbridge, Picture Butte, 3 mi SE",2020-05-04 13:14:31.0,WBentodata_2020-5-4_13:25,,WBentodata_2020-5-4_13:25,Pinned - 1,"Michener, Charles",Andrena medionitens,medionitens,Alberta,
49bbc1b8-8cfe-4700-9b3c-9dcec2401988,"990076	WBentodata_2020-5-4_13:25	1	Afrotropical	South Africa	1973-12-23	Colletidae	Colletes	South Africa	m	WBentodata_2020-5-4_13:25	Windhoek, Wasservallei	2020-05-04 13:14:31.0	WBentodata_2020-5-4_13:25	WBentodata_2020-5-4_13:25	Pinned - 1	Short	Colletes ruficollis	ruficollis	",,,,,990076,WBentodata_2020-5-4_13:25,1,Afrotropical,South Africa,,,,,1973-12-23,,Colletidae,Colletes,,,South Africa,,m,,WBentodata_2020-5-4_13:25,,"Windhoek, Wasservallei",2020-05-04 13:14:31.0,WBentodata_2020-5-4_13:25,,WBentodata_2020-5-4_13:25,Pinned - 1,Short,Colletes ruficollis,ruficollis,,
297365b8-f670-42f0-9da3-f73984a7d873,"979521	WBentodata_2020-5-4_13:25	1	Nearctic	United States	Cache	41.73556	-111.8336	1954-06-04	Andrenidae	Andrena	United States, Utah, Cache	m	WBentodata_2020-5-4_13:25	Logan Canyon	2020-05-04 13:14:31.0	WBentodata_2020-5-4_13:25	WBentodata_2020-5-4_13:25	Pinned - 1	Bohart, George	Andrena angustitarsata	angustitarsata	Utah	",,41.73556 -111.8336 1,,,979521,WBentodata_2020-5-4_13:25,1,Nearctic,United States,Cache,,41.73556,-111.8336,1954-06-04,,Andrenidae,Andrena,,,"United States, Utah, Cache",,m,,WBentodata_2020-5-4_13:25,,Logan Canyon,2020-05-04 13:14:31.0,WBentodata_2020-5-4_13:25,,WBentodata_2020-5-4_13:25,Pinned - 1,"Bohart, George",Andrena angustitarsata,angustitarsata,Utah,
d96719f1-7488-4809-908b-9868bed60c8a,"453203	WBentodata_2020-5-4_13:25	1	Neotropical	Nicaragua	12.9983333	-85.9100000	2002-05-21	Hydrophilidae	Oosternum	Nicaragua, Matagalpa	m	WBentodata_2020-5-4_13:25	Selva Negra, 6km N Matagalpa	2020-05-04 13:14:31.0	WBentodata_2020-5-4_13:25	WBentodata_2020-5-4_13:25	Pinned - 1	Anderson, Robert	Oosternum acutheca	acutheca	Matagalpa	Paratype	",,12.9983333 -85.9100000 1,,,453203,WBentodata_2020-5-4_13:25,1,Neotropical,Nicaragua,,,12.9983333,-85.9100000,2002-05-21,,Hydrophilidae,Oosternum,,,"Nicaragua, Matagalpa",,m,,WBentodata_2020-5-4_13:25,,"Selva Negra, 6km N Matagalpa",2020-05-04 13:14:31.0,WBentodata_2020-5-4_13:25,,WBentodata_2020-5-4_13:25,Pinned - 1,"Anderson, Robert",Oosternum acutheca,acutheca,Matagalpa,Paratype
59c86ed2-630f-4662-9939-0561acbf79d1,"40185	WBentodata_2020-5-4_13:25	1	Neotropical	Panama	7.7500000	-77.6833333	1996-06-07	fungusy log	Staphylinidae	Megalopinus	Panama, Darien	m	WBentodata_2020-5-4_13:25	Cana Biological Station, Serrania de Pirre	2020-05-04 13:14:31.0	WBentodata_2020-5-4_13:25	WBentodata_2020-5-4_13:25	Pinned - 1	Ashe & Brooks	Megalopinus exiliventris	exiliventris	Darien	Paratype	",,7.7500000 -77.6833333 1,,,40185,WBentodata_2020-5-4_13:25,1,Neotropical,Panama,,,7.7500000,-77.6833333,1996-06-07,fungusy log,Staphylinidae,Megalopinus,,,"Panama, Darien",,m,,WBentodata_2020-5-4_13:25,,"Cana Biological Station, Serrania de Pirre",2020-05-04 13:14:31.0,WBentodata_2020-5-4_13:25,,WBentodata_2020-5-4_13:25,Pinned - 1,Ashe & Brooks,Megalopinus exiliventris,exiliventris,Darien,Paratype
94b6bc5c-4ac4-455c-9062-d3ddbb684209,"688588	WBentodata_2020-5-4_13:25	1	Nearctic	United States	Jefferson	39.2230000	-95.4040000	2005-05-29	Laemophloeidae	Charaphloeus	United States, Kansas, Jefferson	m	WBentodata_2020-5-4_13:25	Falin Property, 1.5 km N junction of 94th St & Kingman Rd	2020-05-04 13:14:32.0	WBentodata_2020-5-4_13:25	WBentodata_2020-5-4_13:25	Pinned - 1	Falin, Zachary	Charaphloeus	Kansas	",,39.2230000 -95.4040000 1,,,688588,WBentodata_2020-5-4_13:25,1,Nearctic,United States,Jefferson,,39.2230000,-95.4040000,2005-05-29,,Laemophloeidae,Charaphloeus,,,"United States, Kansas, Jefferson",,m,,WBentodata_2020-5-4_13:25,,"Falin Property, 1.5 km N junction of 94th St & Kingman Rd",2020-05-04 13:14:32.0,WBentodata_2020-5-4_13:25,,WBentodata_2020-5-4_13:25,Pinned - 1,"Falin, Zachary",Charaphloeus,,Kansas,
6ae7b6b4-8a4f-4f9d-9e74-b0d4bcbb26f1,"855729	WBentodata_2020-5-4_13:25	1	Neotropical	Venezuela	8.1037667	-66.4371333	2009-01-10	Dytiscidae	Hydrovatus	WGS84	Venezuela, Guarico	m	WBentodata_2020-5-4_13:25	San Nicolasito Field Station, Rio Aguaro	2020-05-04 13:14:32.0	WBentodata_2020-5-4_13:25	WBentodata_2020-5-4_13:25	Pinned - 1	Short, Garcia, Camacho, Miller, Joly	Hydrovatus crassulus	crassulus	Guarico	",,8.1037667 -66.4371333 1,,,855729,WBentodata_2020-5-4_13:25,1,Neotropical,Venezuela,,,8.1037667,-66.4371333,2009-01-10,,Dytiscidae,Hydrovatus,WGS84,,"Venezuela, Guarico",,m,,WBentodata_2020-5-4_13:25,,"San Nicolasito Field Station, Rio Aguaro",2020-05-04 13:14:32.0,WBentodata_2020-5-4_13:25,,WBentodata_2020-5-4_13:25,Pinned - 1,"Short, Garcia, Camacho, Miller, Joly",Hydrovatus crassulus,crassulus,Guarico,
f1545476-f7c6-41a2-a754-6b94d82c3f47,"889877	WBentodata_2020-5-4_13:25	1	Neotropical	Venezuela	5.5103833	-67.6018167	2009-01-14	Hydrophilidae	Berosus	WGS84	Venezuela, Amazonas	m	WBentodata_2020-5-4_13:25	ca. 15 km S. Puerto Ayacuho, nr. Campamento Canturama	2020-05-04 13:14:32.0	WBentodata_2020-5-4_13:25	WBentodata_2020-5-4_13:25	Pinned - 1	Short, Andrew	Berosus garciai	garciai	Amazonas	Paratype	",,5.5103833 -67.6018167 1,,,889877,WBentodata_2020-5-4_13:25,1,Neotropical,Venezuela,,,5.5103833,-67.6018167,2009-01-14,,Hydrophilidae,Berosus,WGS84,,"Venezuela, Amazonas",,m,,WBentodata_2020-5-4_13:25,,"ca. 15 km S. Puerto Ayacuho, nr. Campamento Canturama",2020-05-04 13:14:32.0,WBentodata_2020-5-4_13:25,,WBentodata_2020-5-4_13:25,Pinned - 1,"Short, Andrew",Berosus garciai,garciai,Amazonas,Paratype
3de404d7-4fb7-4bd3-9dfd-5c360e567ba8,"204522	WBentodata_2020-5-4_13:25	1	Neotropical	Costa Rica	9.7613889	-83.7847222	2000-07-19	UV light	Staphylinidae	Megalopinus	Costa Rica, Cartago	m	WBentodata_2020-5-4_13:25	Tapanti National Park	2020-05-04 13:14:33.0	WBentodata_2020-5-4_13:25	WBentodata_2020-5-4_13:25	Pinned - 1	Ashe, JS, Brooks, R & Falin, Z	Megalopinus pulcherrimus	pulcherrimus	Cartago	",,9.7613889 -83.7847222 1,,,204522,WBentodata_2020-5-4_13:25,1,Neotropical,Costa Rica,,,9.7613889,-83.7847222,2000-07-19,UV light,Staphylinidae,Megalopinus,,,"Costa Rica, Cartago",,m,,WBentodata_2020-5-4_13:25,,Tapanti National Park,2020-05-04 13:14:33.0,WBentodata_2020-5-4_13:25,,WBentodata_2020-5-4_13:25,Pinned - 1,"Ashe, JS, Brooks, R & Falin, Z",Megalopinus pulcherrimus,pulcherrimus,Cartago,
1c2a287a-dba4-411e-8f56-9a07446f8319,558773	WBentodata_2020-5-4_13:25	1	Biphyllidae	m	WBentodata_2020-5-4_13:25	2020-05-04 13:14:33.0	WBentodata_2020-5-4_13:25	WBentodata_2020-5-4_13:25	Pinned - 1	 	Biphyllidae	,,,,,558773,WBentodata_2020-5-4_13:25,1,,,,,,,,,Biphyllidae,,,,,,m,,WBentodata_2020-5-4_13:25,,,2020-05-04 13:14:33.0,WBentodata_2020-5-4_13:25,,WBentodata_2020-5-4_13:25,Pinned - 1,,Biphyllidae,,,
c0707c97-e7ff-405e-98d1-249e45e155f0,"563901	WBentodata_2020-5-4_13:25	1	Neotropical	Costa Rica	8.6856667	-83.5185000	2001-06-23	Hydrophilidae	Oosternum	Costa Rica, Puntarenas	m	WBentodata_2020-5-4_13:25	Rincon de Osa	2020-05-04 13:14:33.0	WBentodata_2020-5-4_13:25	WBentodata_2020-5-4_13:25	Pinned - 1	Peck, Stuart	Oosternum cicatricosum	cicatricosum	Puntarenas	Paratype	",,8.6856667 -83.5185000 1,,,563901,WBentodata_2020-5-4_13:25,1,Neotropical,Costa Rica,,,8.6856667,-83.5185000,2001-06-23,,Hydrophilidae,Oosternum,,,"Costa Rica, Puntarenas",,m,,WBentodata_2020-5-4_13:25,,Rincon de Osa,2020-05-04 13:14:33.0,WBentodata_2020-5-4_13:25,,WBentodata_2020-5-4_13:25,Pinned - 1,"Peck, Stuart",Oosternum cicatricosum,cicatricosum,Puntarenas,Paratype
6dab3fa0-0d6a-4067-b1a7-ccb78bd69952,"614626	WBentodata_2020-5-4_13:25	1	Neotropical	Costa Rica	8.9361667	-82.8335000	2004-05-31	Histeridae	Hister	Costa Rica, Puntarenas	m	WBentodata_2020-5-4_13:25	Las Alturas Biological Station	2020-05-04 13:14:33.0	WBentodata_2020-5-4_13:25	WBentodata_2020-5-4_13:25	Pinned - 1	Ashe, JS, Falin, Z, & Hinojosa, I	Hister montivagus	montivagus	Puntarenas	",,8.9361667 -82.8335000 1,,,614626,WBentodata_2020-5-4_13:25,1,Neotropical,Costa Rica,,,8.9361667,-82.8335000,2004-05-31,,Histeridae,Hister,,,"Costa Rica, Puntarenas",,m,,WBentodata_2020-5-4_13:25,,Las Alturas Biological Station,2020-05-04 13:14:33.0,WBentodata_2020-5-4_13:25,,WBentodata_2020-5-4_13:25,Pinned - 1,"Ashe, JS, Falin, Z, & Hinojosa, I",Hister montivagus,montivagus,Puntarenas,
a8340130-6ed1-4c2d-8c30-2ba411b9d2e1,"882112	WBentodata_2020-5-4_13:25	1	Neotropical	Venezuela	9.2877778	-64.2275000	2009-08-15	Hydrophilidae	Tropisternus	WGS84	Venezuela, Anzoategui	m	WBentodata_2020-5-4_13:25	Transect 1	2020-05-04 13:14:33.0	WBentodata_2020-5-4_13:25	WBentodata_2020-5-4_13:25	Pinned - 1	Cordero, R	Tropisternus apicipalpis	apicipalpis	Anzoategui	",,9.2877778 -64.2275000 1,,,882112,WBentodata_2020-5-4_13:25,1,Neotropical,Venezuela,,,9.2877778,-64.2275000,2009-08-15,,Hydrophilidae,Tropisternus,WGS84,,"Venezuela, Anzoategui",,m,,WBentodata_2020-5-4_13:25,,Transect 1,2020-05-04 13:14:33.0,WBentodata_2020-5-4_13:25,,WBentodata_2020-5-4_13:25,Pinned - 1,"Cordero, R",Tropisternus apicipalpis,apicipalpis,Anzoategui,
f24755a7-d285-4ef0-aff4-dd4689d1e8bb,"149884	WBentodata_2020-5-4_13:25	1	Neotropical	Peru	-10.2816667	-75.5433333	1999-10-19	flight intercept trap	Staphylinidae	Megalopinus	Peru, Pasco	m	WBentodata_2020-5-4_13:25	Yanachaga-Chemillen National Park	2020-05-04 13:14:33.0	WBentodata_2020-5-4_13:25	WBentodata_2020-5-4_13:25	Pinned - 1	Brooks, Robert	Megalopinus fascifer	fascifer	Pasco	Paratype	",,-10.2816667 -75.5433333 1,,,149884,WBentodata_2020-5-4_13:25,1,Neotropical,Peru,,,-10.2816667,-75.5433333,1999-10-19,flight intercept trap,Staphylinidae,Megalopinus,,,"Peru, Pasco",,m,,WBentodata_2020-5-4_13:25,,Yanachaga-Chemillen National Park,2020-05-04 13:14:33.0,WBentodata_2020-5-4_13:25,,WBentodata_2020-5-4_13:25,Pinned - 1,"Brooks, Robert",Megalopinus fascifer,fascifer,Pasco,Paratype
84455be9-f2c4-469b-ba60-e7514dd5ce8e,"125078	WBentodata_2020-5-4_13:25	1	Neotropical	Venezuela	8.6288889	-71.0405556	1998-05-24	fungusy log	Staphylinidae	Megalopinus	Venezuela, Merida	m	WBentodata_2020-5-4_13:25	Tabay, 7 km E, La Mucuy Station, Sierra Nevada National Park	2020-05-04 13:14:34.0	WBentodata_2020-5-4_13:25	WBentodata_2020-5-4_13:25	Pinned - 1	Ashe, JS, Brooks, R & Hanley, R	Megalopinus libertador	libertador	Merida	Paratype	",,8.6288889 -71.0405556 1,,,125078,WBentodata_2020-5-4_13:25,1,Neotropical,Venezuela,,,8.6288889,-71.0405556,1998-05-24,fungusy log,Staphylinidae,Megalopinus,,,"Venezuela, Merida",,m,,WBentodata_2020-5-4_13:25,,"Tabay, 7 km E, La Mucuy Station, Sierra Nevada National Park",2020-05-04 13:14:34.0,WBentodata_2020-5-4_13:25,,WBentodata_2020-5-4_13:25,Pinned - 1,"Ashe, JS, Brooks, R & Hanley, R",Megalopinus libertador,libertador,Merida,Paratype
e7adcfed-bf2f-49fe-a23a-c4f6fa199ba0,"827924	WBentodata_2020-5-4_13:25	1	Neotropical	Venezuela	6.5936167	-66.8206333	2008-08-06	Hydrophilidae	Berosus	WGS84	Venezuela, Bolivar	m	WBentodata_2020-5-4_13:25	Los Pijiguaos: outcrop/morichal	2020-05-04 13:14:34.0	WBentodata_2020-5-4_13:25	WBentodata_2020-5-4_13:25	Pinned - 1	Short, Andrew	Berosus asymmetricus	asymmetricus	Bolivar	Paratype	",,6.5936167 -66.8206333 1,,,827924,WBentodata_2020-5-4_13:25,1,Neotropical,Venezuela,,,6.5936167,-66.8206333,2008-08-06,,Hydrophilidae,Berosus,WGS84,,"Venezuela, Bolivar",,m,,WBentodata_2020-5-4_13:25,,Los Pijiguaos: outcrop/morichal,2020-05-04 13:14:34.0,WBentodata_2020-5-4_13:25,,WBentodata_2020-5-4_13:25,Pinned - 1,"Short, Andrew",Berosus asymmetricus,asymmetricus,Bolivar,Paratype
39335e58-4391-43d6-8b71-33000ad23414,"558983	WBentodata_2020-5-4_13:25	1	Nearctic	United States	Amador	1976-05-02	Megachilidae	Chelostoma	United States, California, Amador	m	WBentodata_2020-5-4_13:25	Tonzi Rd, 1.2 mi E of Hwy 124	2020-05-04 13:14:34.0	WBentodata_2020-5-4_13:25	WBentodata_2020-5-4_13:25	Pinned - 1	Brooks, Robert	Chelostoma californicum	californicum	California	",,,,,558983,WBentodata_2020-5-4_13:25,1,Nearctic,United States,Amador,,,,1976-05-02,,Megachilidae,Chelostoma,,,"United States, California, Amador",,m,,WBentodata_2020-5-4_13:25,,"Tonzi Rd, 1.2 mi E of Hwy 124",2020-05-04 13:14:34.0,WBentodata_2020-5-4_13:25,,WBentodata_2020-5-4_13:25,Pinned - 1,"Brooks, Robert",Chelostoma californicum,californicum,California,
e8537c49-080e-478b-ab98-590c8fdbf861,"793088	WBentodata_2020-5-4_13:25	1	Nearctic	United States	Johnson	38.8015667	-94.6885000	2006-06-12	Histeridae	Platysoma	United States, Kansas, Johnson	m	WBentodata_2020-5-4_13:25	Overland Park Arboretum	2020-05-04 13:14:34.0	WBentodata_2020-5-4_13:25	WBentodata_2020-5-4_13:25	Pinned - 1	Salsbury, Glenn	Platysoma gracilis	gracilis	Kansas	",,38.8015667 -94.6885000 1,,,793088,WBentodata_2020-5-4_13:25,1,Nearctic,United States,Johnson,,38.8015667,-94.6885000,2006-06-12,,Histeridae,Platysoma,,,"United States, Kansas, Johnson",,m,,WBentodata_2020-5-4_13:25,,Overland Park Arboretum,2020-05-04 13:14:34.0,WBentodata_2020-5-4_13:25,,WBentodata_2020-5-4_13:25,Pinned - 1,"Salsbury, Glenn",Platysoma gracilis,gracilis,Kansas,
695114a6-5b1b-4606-98be-c92e5d6ee2bd,"879026	WBentodata_2020-5-4_13:25	1	Neotropical	Venezuela	5.3867833	-67.6153667	2009-01-14	Hydrophilidae	Tobochares	WGS84	Venezuela, Amazonas	m	WBentodata_2020-5-4_13:25	S. Puerto Ayacucho, El Tobogan de la Selva	2020-05-04 13:14:34.0	WBentodata_2020-5-4_13:25	WBentodata_2020-5-4_13:25	Pinned - 1	Short, Garcia, Miller, Joly	Tobochares sulcatus	sulcatus	Amazonas	",,5.3867833 -67.6153667 1,,,879026,WBentodata_2020-5-4_13:25,1,Neotropical,Venezuela,,,5.3867833,-67.6153667,2009-01-14,,Hydrophilidae,Tobochares,WGS84,,"Venezuela, Amazonas",,m,,WBentodata_2020-5-4_13:25,,"S. Puerto Ayacucho, El Tobogan de la Selva",2020-05-04 13:14:34.0,WBentodata_2020-5-4_13:25,,WBentodata_2020-5-4_13:25,Pinned - 1,"Short, Garcia, Miller, Joly",Tobochares sulcatus,sulcatus,Amazonas,
8d493a79-68fe-49ff-9425-dd1a68178b13,"3787	WBentodata_2020-5-4_13:25	1	Neotropical	Panama	8.6500000	-82.2000000	1995-06-12	fogging fungusy log	Staphylinidae	Megalopinus	Panama, Chiriqui	m	WBentodata_2020-5-4_13:25	Gualaca, 20 km N, Finca La Suiza	2020-05-04 13:14:35.0	WBentodata_2020-5-4_13:25	WBentodata_2020-5-4_13:25	Pinned - 1	Ashe & Brooks	Megalopinus cuspidiger	cuspidiger	Chiriqui	Paratype	",,8.6500000 -82.2000000 1,,,3787,WBentodata_2020-5-4_13:25,1,Neotropical,Panama,,,8.6500000,-82.2000000,1995-06-12,fogging fungusy log,Staphylinidae,Megalopinus,,,"Panama, Chiriqui",,m,,WBentodata_2020-5-4_13:25,,"Gualaca, 20 km N, Finca La Suiza",2020-05-04 13:14:35.0,WBentodata_2020-5-4_13:25,,WBentodata_2020-5-4_13:25,Pinned - 1,Ashe & Brooks,Megalopinus cuspidiger,cuspidiger,Chiriqui,Paratype
2815d422-52a8-48e4-b3fc-dfba6bf87016,"94622	WBentodata_2020-5-4_13:25	1	Neotropical	French Guiana	4.6333333	-52.2833333	1997-06-10	rotting fruit	Staphylinidae	Megalopinus	French Guiana	m	WBentodata_2020-5-4_13:25	Roura, 13.0 km SSE	2020-05-04 13:14:35.0	WBentodata_2020-5-4_13:25	WBentodata_2020-5-4_13:25	Pinned - 1	Ashe & Brooks	Megalopinus pannosistilus	pannosistilus	Paratype	",,4.6333333 -52.2833333 1,,,94622,WBentodata_2020-5-4_13:25,1,Neotropical,French Guiana,,,4.6333333,-52.2833333,1997-06-10,rotting fruit,Staphylinidae,Megalopinus,,,French Guiana,,m,,WBentodata_2020-5-4_13:25,,"Roura, 13.0 km SSE",2020-05-04 13:14:35.0,WBentodata_2020-5-4_13:25,,WBentodata_2020-5-4_13:25,Pinned - 1,Ashe & Brooks,Megalopinus pannosistilus,pannosistilus,,Paratype
a4716fe9-ed1a-4d78-9b27-689681e70207,"880726	WBentodata_2020-5-4_13:25	1	Neotropical	Venezuela	7.7233333	-72.1919444	2009-07-16	L-1085	Hydrophilidae	Oocyclus	WGS84	Venezuela, Tachira	m	WBentodata_2020-5-4_13:25	Chorro el Indio National Park: Chorro el Indio waterfall	2020-05-04 13:14:35.0	WBentodata_2020-5-4_13:25	WBentodata_2020-5-4_13:25	Pinned - 1	Short & Garcia	Oocyclus trujillo	trujillo	Tachira	Paratype	",,7.7233333 -72.1919444 1,,,880726,WBentodata_2020-5-4_13:25,1,Neotropical,Venezuela,,,7.7233333,-72.1919444,2009-07-16,L-1085,Hydrophilidae,Oocyclus,WGS84,,"Venezuela, Tachira",,m,,WBentodata_2020-5-4_13:25,,Chorro el Indio National Park: Chorro el Indio waterfall,2020-05-04 13:14:35.0,WBentodata_2020-5-4_13:25,,WBentodata_2020-5-4_13:25,Pinned - 1,Short & Garcia,Oocyclus trujillo,trujillo,Tachira,Paratype
c7034350-818d-4dc0-a892-faef50bf9074,"980614	WBentodata_2020-5-4_13:25	1	Nearctic	United States	San Bernardino	35.0125	-115.6528	1977-05-07	Andrenidae	Andrena	United States, California, San Bernardino	m	WBentodata_2020-5-4_13:25	Kelso	2020-05-04 13:14:35.0	WBentodata_2020-5-4_13:25	WBentodata_2020-5-4_13:25	Pinned - 1	Brooks, Robert	Andrena candida	candida	California	",,35.0125 -115.6528 1,,,980614,WBentodata_2020-5-4_13:25,1,Nearctic,United States,San Bernardino,,35.0125,-115.6528,1977-05-07,,Andrenidae,Andrena,,,"United States, California, San Bernardino",,m,,WBentodata_2020-5-4_13:25,,Kelso,2020-05-04 13:14:35.0,WBentodata_2020-5-4_13:25,,WBentodata_2020-5-4_13:25,Pinned - 1,"Brooks, Robert",Andrena candida,candida,California,
77d6e5eb-af16-4bfb-ab64-2c99fa5b99c6,"832501	WBentodata_2020-5-4_13:25	1	Neotropical	Mexico	16.1333333	-93.6166667	2007-07-16	Curculionidae	WGS84	Mexico, Chiapas	m	WBentodata_2020-5-4_13:25	Tonala, 17 km ENE	2020-05-04 13:14:35.0	WBentodata_2020-5-4_13:25	WBentodata_2020-5-4_13:25	Pinned - 1	Branstetter, Michael	Curculionidae	Chiapas	",,16.1333333 -93.6166667 1,,,832501,WBentodata_2020-5-4_13:25,1,Neotropical,Mexico,,,16.1333333,-93.6166667,2007-07-16,,Curculionidae,,WGS84,,"Mexico, Chiapas",,m,,WBentodata_2020-5-4_13:25,,"Tonala, 17 km ENE",2020-05-04 13:14:35.0,WBentodata_2020-5-4_13:25,,WBentodata_2020-5-4_13:25,Pinned - 1,"Branstetter, Michael",Curculionidae,,Chiapas,
57526533-608c-4853-b249-bfeb73021b2e,"929584	WBentodata_2020-5-4_13:25	1	Neotropical	Venezuela	11.4369167	-69.6685333	2009-07-09	Hydraenidae	Ochthebius	WGS84	Venezuela, Falcon	m	WBentodata_2020-5-4_13:25	Medanos de Coro	2020-05-04 13:14:36.0	WBentodata_2020-5-4_13:25	WBentodata_2020-5-4_13:25	Pinned - 1	Short & Shepard	Ochthebius lineatus	lineatus	Falcon	",,11.4369167 -69.6685333 1,,,929584,WBentodata_2020-5-4_13:25,1,Neotropical,Venezuela,,,11.4369167,-69.6685333,2009-07-09,,Hydraenidae,Ochthebius,WGS84,,"Venezuela, Falcon",,m,,WBentodata_2020-5-4_13:25,,Medanos de Coro,2020-05-04 13:14:36.0,WBentodata_2020-5-4_13:25,,WBentodata_2020-5-4_13:25,Pinned - 1,Short & Shepard,Ochthebius lineatus,lineatus,Falcon,
4c530f7b-bdc4-4e4d-9757-efe381625775,"829995	WBentodata_2020-5-4_13:25	1	Neotropical	Venezuela	5.7413000	-61.5150833	2008-08-01	Hydrophilidae	Berosus	WGS84	Venezuela, Bolivar	m	WBentodata_2020-5-4_13:25	Gran Sabana, between Kavanayen and Highway 10	2020-05-04 13:14:36.0	WBentodata_2020-5-4_13:25	WBentodata_2020-5-4_13:25	Pinned - 1	Short, Andrew	Berosus olivae	olivae	Bolivar	",,5.7413000 -61.5150833 1,,,829995,WBentodata_2020-5-4_13:25,1,Neotropical,Venezuela,,,5.7413000,-61.5150833,2008-08-01,,Hydrophilidae,Berosus,WGS84,,"Venezuela, Bolivar",,m,,WBentodata_2020-5-4_13:25,,"Gran Sabana, between Kavanayen and Highway 10",2020-05-04 13:14:36.0,WBentodata_2020-5-4_13:25,,WBentodata_2020-5-4_13:25,Pinned - 1,"Short, Andrew",Berosus olivae,olivae,Bolivar,
850c4cdc-b6a6-45f9-bb58-9ee887abc5d0,"912687	WBentodata_2020-5-4_13:25	1	Neotropical	Suriname	2.1753500	-56.7874000	2010-08-19	Dytiscidae	Bidessodes	WGS84	Suriname, Sipaliwini	m	WBentodata_2020-5-4_13:25	Camp 1: Kutari river	2020-05-04 13:14:36.0	WBentodata_2020-5-4_13:25	WBentodata_2020-5-4_13:25	Pinned - 1	Short & Kadosoe	Bidessodes sr_sp1	sr_sp1	Sipaliwini	",,2.1753500 -56.7874000 1,,,912687,WBentodata_2020-5-4_13:25,1,Neotropical,Suriname,,,2.1753500,-56.7874000,2010-08-19,,Dytiscidae,Bidessodes,WGS84,,"Suriname, Sipaliwini",,m,,WBentodata_2020-5-4_13:25,,Camp 1: Kutari river,2020-05-04 13:14:36.0,WBentodata_2020-5-4_13:25,,WBentodata_2020-5-4_13:25,Pinned - 1,Short & Kadosoe,Bidessodes sr_sp1,sr_sp1,Sipaliwini,
3fed66b9-ba22-4ecd-9f2d-d5984114ea96,"334912	WBentodata_2020-5-4_13:25	1	Neotropical	Venezuela	7.9666667	-72.0833333	1998-05-30	fungusy log	Staphylinidae	Megalopinus	Venezuela, Tachira	m	WBentodata_2020-5-4_13:25	Tariba, 39.3 km NE	2020-05-04 13:14:36.0	WBentodata_2020-5-4_13:25	WBentodata_2020-5-4_13:25	Pinned - 1	Ashe, JS, Brooks, R & Hanley, R	Megalopinus libertador	libertador	Tachira	Paratype	",,7.9666667 -72.0833333 1,,,334912,WBentodata_2020-5-4_13:25,1,Neotropical,Venezuela,,,7.9666667,-72.0833333,1998-05-30,fungusy log,Staphylinidae,Megalopinus,,,"Venezuela, Tachira",,m,,WBentodata_2020-5-4_13:25,,"Tariba, 39.3 km NE",2020-05-04 13:14:36.0,WBentodata_2020-5-4_13:25,,WBentodata_2020-5-4_13:25,Pinned - 1,"Ashe, JS, Brooks, R & Hanley, R",Megalopinus libertador,libertador,Tachira,Paratype
