[
{"colname":"spid", "solrname":"spid", "solrtype":"int"},
{"colname":"Catalog Number", "solrname":"catalogNumber", "solrtype":"pint", "title":"Catalog Number", "type":"java.lang.String", "width":32, "concept":"Catalog Number", "sptable":"collectionobject", "sptabletitle":"Collection Object", "spfld":"catalogNumber", "spfldtitle":"catalogNumber", "colidx":0, "advancedsearch":"true", "displaycolidx":0},
{"colname":"Order", "solrname":"Order", "solrtype":"string", "title":"Order", "type":"java.lang.String", "width":64, "concept":"Order", "sptable":"taxon", "sptabletitle":"Taxon", "spfld":"Order", "spfldtitle":"Order", "treeid":"taxon", "treerank":100, "colidx":1, "advancedsearch":"true", "displaycolidx":1},
{"colname":"Family", "solrname":"Family", "solrtype":"string", "title":"Family", "type":"java.lang.String", "width":64, "concept":"Family", "sptable":"taxon", "sptabletitle":"Taxon", "spfld":"Family", "spfldtitle":"Family", "treeid":"taxon", "treerank":140, "colidx":2, "advancedsearch":"true", "displaycolidx":2},
{"colname":"Genus", "solrname":"Genus", "solrtype":"string", "title":"Genus", "type":"java.lang.String", "width":64, "concept":"Genus", "sptable":"taxon", "sptabletitle":"Taxon", "spfld":"Genus", "spfldtitle":"Genus", "treeid":"taxon", "treerank":180, "colidx":3, "advancedsearch":"true", "displaycolidx":3},
{"colname":"Species", "solrname":"Species", "solrtype":"string", "title":"Species", "type":"java.lang.String", "width":64, "concept":"Species", "sptable":"taxon", "sptabletitle":"Taxon", "spfld":"Species", "spfldtitle":"Species", "treeid":"taxon", "treerank":220, "colidx":4, "advancedsearch":"true", "displaycolidx":4},
{"colname":"Subspecies", "solrname":"Subspecies", "solrtype":"string", "title":"Subspecies", "type":"java.lang.String", "width":64, "concept":"Subspecies", "sptable":"taxon", "sptabletitle":"Taxon", "spfld":"Subspecies", "spfldtitle":"Subspecies", "treeid":"taxon", "treerank":230, "colidx":5, "advancedsearch":"true", "displaycolidx":5},
{"colname":"Sex", "solrname":"text10", "solrtype":"string", "title":"Sex", "type":"java.lang.String", "width":50, "concept":"Sex", "sptable":"collectionobjectattribute", "sptabletitle":"Collection Object Attribute", "spfld":"text10", "spfldtitle":"text10", "colidx":6, "advancedsearch":"true", "displaycolidx":6},
{"colname":"Country", "solrname":"Country", "solrtype":"string", "title":"Country", "type":"java.lang.String", "width":128, "concept":"Country", "sptable":"geography", "sptabletitle":"Geography", "spfld":"Country", "spfldtitle":"Country", "treeid":"geography", "treerank":200, "colidx":7, "advancedsearch":"true", "displaycolidx":7},
{"colname":"State", "solrname":"State", "solrtype":"string", "title":"State", "type":"java.lang.String", "width":128, "concept":"State", "sptable":"geography", "sptabletitle":"Geography", "spfld":"State", "spfldtitle":"State", "treeid":"geography", "treerank":300, "colidx":8, "advancedsearch":"true", "displaycolidx":8},
{"colname":"County", "solrname":"County", "solrtype":"string", "title":"County", "type":"java.lang.String", "width":128, "concept":"County", "sptable":"geography", "sptabletitle":"Geography", "spfld":"County", "spfldtitle":"County", "treeid":"geography", "treerank":400, "colidx":9, "advancedsearch":"true", "displaycolidx":9},
{"colname":"Location", "solrname":"localityName", "solrtype":"string", "title":"Location", "type":"java.lang.String", "width":255, "concept":"Location", "sptable":"locality", "sptabletitle":"Locality", "spfld":"localityName", "spfldtitle":"localityName", "colidx":10, "advancedsearch":"true", "displaycolidx":10},
{"colname":"Altitude", "solrname":"minElevation", "solrtype":"pdouble", "title":"Altitude", "type":"java.lang.Double", "width":-1, "concept":"Altitude", "sptable":"locality", "sptabletitle":"Locality", "spfld":"minElevation", "spfldtitle":"minElevation", "colidx":11, "advancedsearch":"true", "displaycolidx":11},
{"colname":"Lat1text", "solrname":"lat1text", "solrtype":"string", "title":"Lat1text", "type":"java.lang.String", "width":50, "concept":"Lat1text", "sptable":"locality", "sptabletitle":"Locality", "spfld":"lat1text", "spfldtitle":"lat1text", "colidx":12, "advancedsearch":"true", "displaycolidx":12},
{"colname":"Long1text", "solrname":"long1text", "solrtype":"string", "title":"Long1text", "type":"java.lang.String", "width":50, "concept":"Long1text", "sptable":"locality", "sptabletitle":"Locality", "spfld":"long1text", "spfldtitle":"long1text", "colidx":13, "advancedsearch":"true", "displaycolidx":13},
{"colname":"Latitude1", "solrname":"latitude1", "solrtype":"pdouble", "title":"Latitude1", "type":"java.math.BigDecimal", "width":-1, "concept":"Latitude1", "sptable":"locality", "sptabletitle":"Locality", "spfld":"latitude1", "spfldtitle":"latitude1", "colidx":14, "advancedsearch":"true", "displaycolidx":14},
{"colname":"Longitude1", "solrname":"longitude1", "solrtype":"pdouble", "title":"Longitude1", "type":"java.math.BigDecimal", "width":-1, "concept":"Longitude1", "sptable":"locality", "sptabletitle":"Locality", "spfld":"longitude1", "spfldtitle":"longitude1", "colidx":15, "advancedsearch":"true", "displaycolidx":15},
{"colname":"Datum", "solrname":"datum", "solrtype":"string", "title":"Datum", "type":"java.lang.String", "width":50, "concept":"Datum", "sptable":"locality", "sptabletitle":"Locality", "spfld":"datum", "spfldtitle":"datum", "colidx":16, "advancedsearch":"true", "displaycolidx":16},
{"colname":"Location Accuracy", "solrname":"maxUncertaintyEst", "solrtype":"pdouble", "title":"Location Accuracy", "type":"java.math.BigDecimal", "width":-1, "concept":"Location Accuracy", "sptable":"geocoorddetail", "sptabletitle":"Geo Coord Detail", "spfld":"maxUncertaintyEst", "spfldtitle":"maxUncertaintyEst", "colidx":17, "advancedsearch":"true", "displaycolidx":17},
{"colname":"Max Error Units", "solrname":"maxUncertaintyEstUnit", "solrtype":"string", "title":"Max Error Units", "type":"java.lang.String", "width":8, "concept":"Max Error Units", "sptable":"geocoorddetail", "sptabletitle":"Geo Coord Detail", "spfld":"maxUncertaintyEstUnit", "spfldtitle":"maxUncertaintyEstUnit", "colidx":18, "advancedsearch":"true", "displaycolidx":18},
{"colname":"OrigCoordSystem", "solrname":"originalCoordSystem", "solrtype":"string", "title":"OrigCoordSystem", "type":"java.lang.String", "width":32, "concept":"OrigCoordSystem", "sptable":"geocoorddetail", "sptabletitle":"Geo Coord Detail", "spfld":"originalCoordSystem", "spfldtitle":"originalCoordSystem", "colidx":19, "advancedsearch":"true", "displaycolidx":19},
{"colname":"Locality Remarks", "solrname":"remarks", "solrtype":"string", "title":"Locality Remarks", "type":"text", "width":4096, "concept":"Locality Remarks", "sptable":"locality", "sptabletitle":"Locality", "spfld":"remarks", "spfldtitle":"remarks", "colidx":20, "advancedsearch":"true", "displaycolidx":20},
{"colname":"Coll_Date", "solrname":"verbatimDate", "solrtype":"string", "title":"Coll_Date", "type":"java.lang.String", "width":50, "concept":"Coll_Date", "sptable":"collectingevent", "sptabletitle":"Collecting Information", "spfld":"verbatimDate", "spfldtitle":"verbatimDate", "colidx":21, "advancedsearch":"true", "displaycolidx":21},
{"colname":"Collectors", "solrname":"collectors", "solrtype":"string", "title":"Collectors", "type":"java.lang.String", "width":500, "concept":"Collectors", "sptable":"collector", "sptabletitle":"Collector", "spfld":"collectors", "spfldtitle":"collectors", "colidx":22, "advancedsearch":"true", "displaycolidx":22},
{"colname":"Collector Number", "solrname":"stationFieldNumber", "solrtype":"string", "title":"Collector Number", "type":"java.lang.String", "width":50, "concept":"Collector Number", "sptable":"collectingevent", "sptabletitle":"Collecting Information", "spfld":"stationFieldNumber", "spfldtitle":"stationFieldNumber", "colidx":23, "advancedsearch":"true", "displaycolidx":23},
{"colname":"Preparations", "solrname":"preparations", "solrtype":"string", "title":"Preparations", "type":"java.lang.String", "width":500, "concept":"Preparations", "sptable":"preparation", "sptabletitle":"Preparation", "spfld":"preparations", "spfldtitle":"preparations", "colidx":24, "advancedsearch":"true", "displaycolidx":24},
{"colname":"Measurements", "solrname":"text1", "solrtype":"string", "title":"Measurements", "type":"text", "width":65535, "concept":"Measurements", "sptable":"collectionobjectattribute", "sptabletitle":"Collection Object Attribute", "spfld":"text1", "spfldtitle":"text1", "colidx":25, "advancedsearch":"true", "displaycolidx":25},
{"colname":"Comments", "solrname":"co_remarks", "solrtype":"string", "title":"Comments", "type":"text", "width":4096, "concept":"Comments", "sptable":"collectionobject", "sptabletitle":"Collection Object", "spfld":"remarks", "spfldtitle":"remarks", "colidx":26, "advancedsearch":"true", "displaycolidx":26},
{"colname":"img", "solrname":"img", "solrtype":"string", "title":"image"}
]
