<!-- solr field definitions for Mammals web portal -->
<!-- Paste the contents of this file into the solr/conf/schema.xml file. -->
<field name="Country" type="string" indexed="true" stored="true" required="false"/>
<field name="County" type="string" indexed="true" stored="true" required="false"/>
<field name="Family" type="string" indexed="true" stored="true" required="false"/>
<field name="Genus" type="string" indexed="true" stored="true" required="false"/>
<field name="Order" type="string" indexed="true" stored="true" required="false"/>
<field name="Species" type="string" indexed="true" stored="true" required="false"/>
<field name="State" type="string" indexed="true" stored="true" required="false"/>
<field name="Subspecies" type="string" indexed="true" stored="true" required="false"/>
<field name="catalogNumber" type="pint" indexed="true" stored="true" required="false"/>
<field name="co_remarks" type="string" indexed="true" stored="true" required="false"/>
<field name="collectors" type="string" indexed="true" stored="true" required="false"/>
<field name="contents" type="text_general" indexed="true" stored="false" required="true"/>
<field name="datum" type="string" indexed="true" stored="true" required="false"/>
<field name="geoc" type="string" indexed="true" stored="true" required="false"/>
<field name="img" type="string" indexed="true" stored="true" required="false"/>
<field name="lat1text" type="string" indexed="true" stored="true" required="false"/>
<field name="latitude1" type="pdouble" indexed="true" stored="true" required="false"/>
<field name="localityName" type="string" indexed="true" stored="true" required="false"/>
<field name="long1text" type="string" indexed="true" stored="true" required="false"/>
<field name="longitude1" type="pdouble" indexed="true" stored="true" required="false"/>
<field name="maxUncertaintyEst" type="pdouble" indexed="true" stored="true" required="false"/>
<field name="maxUncertaintyEstUnit" type="string" indexed="true" stored="true" required="false"/>
<field name="minElevation" type="pdouble" indexed="true" stored="true" required="false"/>
<field name="originalCoordSystem" type="string" indexed="true" stored="true" required="false"/>
<field name="preparations" type="string" indexed="true" stored="true" required="false"/>
<field name="remarks" type="string" indexed="true" stored="true" required="false"/>
<field name="spid" type="string" indexed="true" stored="true" required="true"/>
<field name="stationFieldNumber" type="string" indexed="true" stored="true" required="false"/>
<field name="text1" type="string" indexed="true" stored="true" required="false"/>
<field name="text10" type="string" indexed="true" stored="true" required="false"/>
<field name="verbatimDate" type="string" indexed="true" stored="true" required="false"/>
